"T15_INCIDENT_ID","T15_INCIDENT_TYPE","T15_INCIDENT_DATE","T15_DESCRIPTION"
"40000","THEFT","2016-07-16","BIKE FRONT TYRE STOLEN"
"40001","FIRE","2002-11-12","CAR ENGINE DAMAGED DUE TO PETROL LEAK FROM ENGINE_TANK"
"40002","ACCIDENT","2005-12-23","SIDE MIRRORS GOT STOLEN"
"40003","ACCIDENT","2012-09-21","REAR BUMPER DAMAGED SEVERELY"
"40004","DAMAGE","2004-08-15","REAR VIEW MIRROR BROKEN"
"40005","DAMAGE","2005-09-14","FRONT GLASS DAMAGED"
"40006","THEFT","2006-10-25","ENGINE CHASIS GOT STOLEN"
"40007","ACCIDENT","2014-11-21","SEVERE DAMAGE AFTER COLLISION WITH LORRY"
"40008","FIRE","2009-10-15","LORRY FIRED ON COLLISION"
"40009","THEFT","2010-08-23","FRONT BUMPER GOT STOLEN"
"40010","THEFT","2015-11-20","LORRY TAIL_LIGHTS GOT STOLEN"
"40011","ACCIDENT","2016-10-25","BIKE CHAIN BROKEN"
"40012","DAMAGE","2017-07-12","BIKE SUSPENSION DAMAGED"
"40013","ACCIDENT","2018-01-22","CAR FRONT SIDE FIRED DUE TO LEAKAGE OF GAS FROM CONDENSER"
"40014","ACCIDENT","2019-03-23","BIKE FRONT SIDE SEVERELY DAMAGED"
"40015","FIRE","2019-06-20","BIKE FIRED DUE TO LEAKAGE OF PETROL FROM TANK"
"40016","ACCIDENT","2019-06-20","VEHICLE LOST ITS SHAPE COMPLETELY"
"40017","ACCIDENT","2020-06-20","VEHICLE FIRED DUE TO LEAKAGE OF PETROL FROM TANK"
"40018","ACCIDENT","2017-06-20","VEHICLE FIRED DUE TO LEAKAGE OF PETROL FROM TANK"
"40019","ACCIDENT","2019-04-20","BIKE FIRED DUE TO LEAKAGE OF PETROL FROM TANK"
"40020","ACCIDENT","2019-06-25","BIKE FIRED DUE TO LEAKAGE OF PETROL FROM TANK"
