"T15_VEHICLE_SERVICE","T15_VEHICLE_ID","T15_CUST_ID","T15_DEPARTMENT_NAME","T15_VEHICLE_SERVICE_ADDRESS","T15_VEHICLE_SERVICE_CONTACT","T15_VEHICLE_SERVICE_INCHARGE","T15_VEHICLE_SERVICE_TYPE","T15_COMPANY_NAME"
"4_ALI",55,414,"SERVICING_DEPT","BEACH_ROAD,VIZAG","9856742531","NAVEEN","CAR_WASH","ALI_BABA"
"4_AUD",45,404,"SERVICING_DEPT","JUBLIEE_HILLS,HYD","9856742531","RAM_NATH","CAR_WASH","AUDI"
"4_BEN",52,411,"SERVICING_DEPT","BANJARA_HILLS,HYD","8529647100","CHANDHAN","CAR_WASH","BENZ"
"4_BMW",42,402,"WHEELS_DEPT","HSR LAYOUT,BANGLORE","9856745285","HARISH","TYRE_REPLACE","BMW"
"4_BUG",54,413,"CLEANING_DEPT","ALEPI,KOCHI","7894561230","ILAMPARITHI","VACUMING","BUGATI"
"4_ERT",47,406,"WHEELS_DEPT","EDEN,KOLKATA","9562897400","ADITYA","TYRE_RIM","ERTIGA"
"4_FOR",48,407,"SERVICING_DEPT","HOUSING_BOARD,PUNE","8596147230","LOKESH","CAR_WASH","FORTUNER"
"4_HON",41,401,"CLEANING_DEPT","BTM,BANGLORE","8756423189","SHANKAR","VACUMING","HONDA"
"4_KIA",40,400,"SERVICING_DEPT","BANJARA_HILLS,HYD","9856742531","LAXMI_NARAYANA","CAR_WASH","KIA"
"4_LAM",50,409,"MECH_DEPT","RING_ROAD,RANCHI","9856742531","AMOGH","OIL_CHANGE","LAMBORGINI"
"4_MAR",46,405,"CLEANING_DEPT","KUKATPALLY,HYD","9018459689","TIRUMAL","VACUMING","MARUTI"
"4_POR",51,410,"CLEANING_DEPT","SARDAR_STA,AHMEDABAD","6985742310","VENKAT","VACUMING","PORCHE"
"4_RAN",53,412,"MECH_DEPT","ADAYAR,CHENNAI","9856859666","TANISHQ","OIL_CHANGE","RANGE_ROVER"
"4_TAT",44,403,"CORE_DEPT","BANDRA,MUMBAI","6608559574","ROHIT","ENGINE_UPGRADE","TATA"
"4_TES",49,408,"WHEELS_DEPT","ROCK_GAR,CHANDIGARH","7596842310","AJAY","TYRE_REPLACE","TESLA"
"4_TOY",43,402,"MECH_DEPT","KOTLA,DELHI","8951742531","VIJAY","OIL_CHANGE","TOYOTA"
